{"cameraMode":{"drawMode":0,"name":"Shaded","section":"Shading Mode"},"sceneLighting":false,"audioPlay":false,"sceneViewState":{"showFog":true,"showMaterialUpdate":false,"showSkybox":false,"showFlares":true,"showImageEffects":true,"showParticleSystems":true},"in2DMode":false,"pivot":{"x":0.14359283447265626,"y":-1.186838150024414,"z":20.303050994873048},"rotation":{"x":-0.18227863311767579,"y":0.011214089579880238,"z":-0.002122443402186036,"w":-0.9832231402397156},"size":12.498486518859864,"orthographic":false}