{"cameraMode":{"drawMode":0,"name":"Shaded","section":"Shading Mode"},"sceneLighting":false,"audioPlay":false,"sceneViewState":{"showFog":true,"showMaterialUpdate":false,"showSkybox":false,"showFlares":true,"showImageEffects":true,"showParticleSystems":true},"in2DMode":false,"pivot":{"x":13.09594440460205,"y":6.061800479888916,"z":-2.7822415828704836},"rotation":{"x":0.11409282684326172,"y":0.7874270081520081,"z":-0.15336163341999055,"w":0.5862067341804504},"size":0.8660253882408142,"orthographic":false}