{"cameraMode":{"drawMode":0,"name":"Shaded","section":"Shading Mode"},"sceneLighting":false,"audioPlay":false,"sceneViewState":{"showFog":true,"showMaterialUpdate":false,"showSkybox":false,"showFlares":true,"showImageEffects":true,"showParticleSystems":true},"in2DMode":false,"pivot":{"x":-4.771254062652588,"y":-0.7698284387588501,"z":8.480753898620606},"rotation":{"x":-0.08288521319627762,"y":0.6502671241760254,"z":-0.07169630378484726,"w":-0.7518129944801331},"size":3.964289665222168,"orthographic":false}